location,total_death_count
United States,1127152
Brazil,703399
India,531896
Russia,399436
Mexico,334276
United Kingdom,227272
Peru,220793
Italy,190706
Germany,174691
France,163855
Indonesia,161844
Iran,146290
Colombia,142794
Argentina,130472
Spain,121622
China,121390
Poland,119624
Ukraine,112433
South Africa,102595
Turkey,101419
Japan,74694
Romania,68224
Philippines,66482
Chile,64497
Canada,52804
Hungary,48795
Vietnam,43206
Czechia,42807
Bulgaria,38412
Malaysia,37118
Greece,37089
Ecuador,36019
South Korea,34960
Belgium,34364
Thailand,34292
Pakistan,30656
Bangladesh,29457
Tunisia,29423
Portugal,26885
Iraq,25375
Egypt,24830
Sweden,24471
Netherlands,22992
Austria,22523
Bolivia,22387
Australia,21510
Slovakia,21167
Guatemala,20205
Paraguay,19961
Myanmar,19494
Kazakhstan,19072
Croatia,18269
Serbia,18057
Georgia,17092
Sri Lanka,16877
Bosnia and Herzegovina,16350
Morocco,16297
Jordan,14122
Switzerland,14021
Israel,12557
Moldova,12124
Nepal,12031
Honduras,11116
Lebanon,10932
Azerbaijan,10281
Finland,9886
Lithuania,9690
North Macedonia,9677
Saudi Arabia,9646
Slovenia,9394
Costa Rica,9384
Ireland,9028
Armenia,8750
Denmark,8744
Panama,8634
Cuba,8530
Afghanistan,7922
Uruguay,7634
Ethiopia,7574
Belarus,7118
Algeria,6881
Libya,6437
Latvia,6380
Puerto Rico,5938
Venezuela,5856
Palestine,5708
Zimbabwe,5707
Kenya,5689
Norway,5566
Sudan,5046
Oman,4628
Trinidad and Tobago,4390
Dominican Republic,4384
El Salvador,4230
Namibia,4091
Zambia,4060
Uganda,3632
Albania,3604
Jamaica,3550
Kosovo,3209
Syria,3163
Nigeria,3155
New Zealand,3077
Cambodia,3056
Estonia,3001
Kyrgyzstan,2991
Montenegro,2827
Botswana,2797
Malawi,2686
Kuwait,2570
United Arab Emirates,2349
Mozambique,2243
Yemen,2159
Mongolia,2136
Cameroon,1974
Senegal,1971
Angola,1934
Singapore,1722
Uzbekistan,1637
Bahrain,1536
Democratic Republic of Congo,1468
Rwanda,1468
Ghana,1462
Eswatini,1427
Madagascar,1425
Suriname,1406
Cyprus,1364
Somalia,1361
Guyana,1298
Luxembourg,1232
Martinique,1102
Mauritius,1052
Guadeloupe,1017
Mauritania,997
Reunion,921
Fiji,885
Haiti,860
Tanzania,846
Bahamas,844
Malta,840
Cote d'Ivoire,835
Mali,743
Lesotho,706
Qatar,690
Belize,688
Laos,671
Papua New Guinea,670
French Polynesia,649
Barbados,593
Guinea,468
Cape Verde,414
French Guiana,413
Guam,413
Saint Lucia,409
Burkina Faso,396
Congo,389
Gambia,372
Maldives,316
Niger,315
New Caledonia,314
Gabon,307
Curacao,302
Liberia,294
Aruba,290
Togo,290
Iceland,260
Nicaragua,245
Grenada,238
Chad,194
Djibouti,189
Mayotte,187
Equatorial Guinea,183
Guinea-Bissau,177
Seychelles,172
Bermuda,165
Benin,163
Brunei,161
Comoros,161
Jersey,161
Andorra,159
Solomon Islands,153
Antigua and Barbuda,146
South Sudan,138
Timor,138
United States Virgin Islands,131
Sierra Leone,126
San Marino,125
Tajikistan,125
Saint Vincent and the Grenadines,124
Isle of Man,116
Central African Republic,113
Gibraltar,113
Eritrea,103
Sint Maarten (Dutch part),92
Liechtenstein,87
Sao Tome and Principe,80
Dominica,74
Guernsey,67
Monaco,67
Micronesia (country),65
British Virgin Islands,64
Saint Kitts and Nevis,46
Saint Martin (French part),46
Bonaire Sint Eustatius and Saba,41
Northern Mariana Islands,41
Turks and Caicos Islands,38
Cayman Islands,37
American Samoa,34
Samoa,31
Faeroe Islands,28
Kiribati,24
Bhutan,21
Greenland,21
Marshall Islands,17
Burundi,15
Vanuatu,14
Anguilla,12
Tonga,12
Palau,9
Montserrat,8
Wallis and Futuna,8
Saint Barthelemy,5
Cook Islands,2
Saint Pierre and Miquelon,2
Nauru,1
Western Sahara,
Falkland Islands,
Hong Kong,
Macao,
Niue,
Pitcairn,
North Korea,
Saint Helena,
Tokelau,
Turkmenistan,
Tuvalu,
Taiwan,
Vatican,
Northern Cyprus,
England,
Northern Ireland,
Scotland,
Wales,